05-service-ecommerce	https://d8j0ntlcm91z4.cloudfront.net/user_3EnjftVsZRgVd7loHgrminiSMRX/hf_20260608_161137_b9781280-1084-48cf-8633-3a0f10fb08c2.png
06-service-branding	https://d8j0ntlcm91z4.cloudfront.net/user_3EnjftVsZRgVd7loHgrminiSMRX/hf_20260608_161538_f7354548-eba8-40db-b56f-7c77fc55f054.png
07-service-digital-marketing	https://d8j0ntlcm91z4.cloudfront.net/user_3EnjftVsZRgVd7loHgrminiSMRX/hf_20260608_161538_4e37f3c9-8247-48f8-a23d-1eadabb7baea.png
08-service-seo	https://d8j0ntlcm91z4.cloudfront.net/user_3EnjftVsZRgVd7loHgrminiSMRX/hf_20260608_161538_56d587bc-e9ac-4203-82d9-059df0d52103.png
09-about-lifestyle	https://d8j0ntlcm91z4.cloudfront.net/user_3EnjftVsZRgVd7loHgrminiSMRX/hf_20260608_161538_805116ae-67d7-4419-adf2-3179fd22d199.png
10-portfolio-ecommerce	https://d8j0ntlcm91z4.cloudfront.net/user_3EnjftVsZRgVd7loHgrminiSMRX/hf_20260608_161538_9ba0c710-da03-4f53-a017-a7fb1688f311.png
11-portfolio-branding	https://d8j0ntlcm91z4.cloudfront.net/user_3EnjftVsZRgVd7loHgrminiSMRX/hf_20260608_161538_85664088-2ea2-41da-a27a-563b519483d8.png
12-portfolio-mobile-ios	https://d8j0ntlcm91z4.cloudfront.net/user_3EnjftVsZRgVd7loHgrminiSMRX/hf_20260608_161538_b43ff288-6553-44dd-92e1-33433e1ded5c.png
13-portfolio-dashboard-crm	https://d8j0ntlcm91z4.cloudfront.net/user_3EnjftVsZRgVd7loHgrminiSMRX/hf_20260608_161538_d6cecc89-b914-4b6d-b469-21f666c41607.png
14-portfolio-cloud-infra	https://d8j0ntlcm91z4.cloudfront.net/user_3EnjftVsZRgVd7loHgrminiSMRX/hf_20260608_161538_2635839b-f744-42aa-8ce1-2c809da299c5.png
15-og-share-card	https://d8j0ntlcm91z4.cloudfront.net/user_3EnjftVsZRgVd7loHgrminiSMRX/hf_20260608_161538_e04718f8-cec1-4fe1-a183-d11adea67ef6.png
